City,Lat,Lng,Max Temp,Humidity,Cloudiness,Wind Speed,Country,Date
Codrington,-38.2667,141.9667,43.41,95,5,7.72,AU,1653241331
Yulara,-25.2406,130.9889,56.19,42,64,7.85,AU,1653241368
Mataura,-46.1927,168.8643,43.79,92,99,7.2,NZ,1653241368
Burayevo,55.8407,55.4083,35.17,90,82,4.25,RU,1653241369
Ahipara,-35.1667,173.1667,59.07,77,100,10.58,NZ,1653241369
Barrow,71.2906,-156.7887,23.02,86,100,11.5,US,1653241369
Marawi,7.9986,124.2928,69.37,95,100,3.76,PH,1653241370
Mandalgovi,45.7625,106.2708,58.12,33,50,8.63,MN,1653241370
Khatanga,71.9667,102.5,32.14,94,100,5.84,RU,1653241319
Kapaa,22.0752,-159.319,75.58,87,40,9.22,US,1653241370
Tshikapa,-6.4167,20.8,74.34,78,90,1.5,CD,1653241371
Ushuaia,-54.8,-68.3,38.86,87,0,4.61,AR,1653241293
Mocuba,-16.8392,36.9856,70.32,80,33,4.41,MZ,1653241371
Kurbnesh,41.7797,20.0836,60.53,83,86,2.51,AL,1653241372
Biu,10.6129,12.1946,90.46,27,47,3.91,NG,1653241373
Hobart,-42.8794,147.3294,47.95,84,100,10.36,AU,1653241374
Japura,-0.3167,102.35,74.71,98,30,2.51,ID,1653241374
Busselton,-33.65,115.3333,61.07,70,86,24.92,AU,1653241375
Puerto Ayora,-0.7393,-90.3518,76.96,77,49,10.65,EC,1653241344
Hithadhoo,-0.6,73.0833,83.89,71,84,12.53,MV,1653241375
Paamiut,61.994,-49.6678,35.04,94,99,24.63,GL,1653241376
Ixtapa,20.7,-105.2,79.83,69,0,10.36,MX,1653241376
Bethel,41.3712,-73.414,86.77,62,0,3.44,US,1653241155
Kaitangata,-46.2817,169.8464,45.75,86,91,13.13,NZ,1653241376
Thompson,55.7435,-97.8558,60.96,31,40,4.61,CA,1653241377
Jamestown,42.097,-79.2353,58.44,94,100,17.27,US,1653241377
Padang,-0.9492,100.3543,77.23,87,87,3.44,ID,1653241378
Casimiro de Abreu,-22.4806,-42.2042,76.91,53,0,7.11,BR,1653241378
Hermanus,-34.4187,19.2345,53.8,85,42,8.3,ZA,1653241379
Dikson,73.5069,80.5464,25.21,92,100,10.31,RU,1653241379
Inyonga,-6.7167,32.0667,70.14,60,55,4.97,TZ,1653241380
Hilo,19.7297,-155.09,72.68,78,0,3.44,US,1653241380
Mandalī,33.7499,45.5541,90.99,8,23,6.38,IQ,1653241381
Pevek,69.7008,170.3133,34.48,89,41,11.12,RU,1653241381
Saint-Philippe,-21.3585,55.7679,71.19,77,44,11.05,RE,1653241381
Petropavlovsk-Kamchatskiy,53.0452,158.6483,39.79,100,75,4.47,RU,1653241382
Albany,42.6001,-73.9662,87.8,50,33,1.01,US,1653241115
Atuona,-9.8,-139.0333,77.38,82,24,17.11,PF,1653241383
Vaini,-21.2,-175.2,73.56,94,20,4.61,TO,1653241383
Chara,56.9064,118.2631,45.19,76,100,1.83,RU,1653241383
Mar del Plata,-38.0023,-57.5575,61.95,57,0,11.5,AR,1653241384
Tuktoyaktuk,69.4541,-133.0374,21.2,79,100,8.05,CA,1653241384
Upington,-28.4478,21.2561,59.38,67,0,4.61,ZA,1653241385
Kailua,21.4022,-157.7394,76.32,76,75,6.91,US,1653241306
Saint-Pierre,-21.3393,55.4781,71.28,73,0,5.75,RE,1653241385
Yellowknife,62.456,-114.3525,34.32,93,100,9.22,CA,1653241226
Vila Velha,-20.3297,-40.2925,76.95,65,75,13.8,BR,1653241386
Faya,18.3851,42.4509,75.72,29,2,4.61,SA,1653241386
Guayaramerín,-10.8368,-65.3614,87.85,51,40,3.44,BO,1653241386
Neftçala,39.3742,49.2472,63.41,80,51,12.57,AZ,1653241387
Castro,-24.7911,-50.0119,66.38,39,2,4.72,BR,1653241388
Bambous Virieux,-20.3428,57.7575,75.45,73,40,12.66,MU,1653241389
Lleida,41.6167,0.6167,90.46,23,0,11.5,ES,1653241390
Port Elizabeth,-33.918,25.5701,57.49,88,0,3.44,ZA,1653241327
Hofn,64.2539,-15.2082,53.62,54,75,14.97,IS,1653241390
Takayama,36.1333,137.25,47.62,95,31,1.23,JP,1653241391
Rikitea,-23.1203,-134.9692,75.9,76,8,13.96,PF,1653241391
Bud,39.447,-86.1758,64.65,67,100,10.71,US,1653241392
Saint Paul Harbor,57.79,-152.4072,47.71,81,100,17.27,US,1653241392
Dalby,-27.1833,151.2667,57.97,88,100,1.01,AU,1653241393
Olafsvik,64.8945,-23.7142,45.25,73,30,11.59,IS,1653241393
Burnie,-41.0667,145.9167,42.94,87,13,5.37,AU,1653241094
Tautira,-17.7333,-149.15,79.34,75,28,14.47,PF,1653241394
Bengkulu,-3.8004,102.2655,76.77,89,85,3.24,ID,1653241394
Aberystwyth,52.4155,-4.0829,55.71,92,99,11.21,GB,1653241394
Richards Bay,-28.783,32.0377,64.56,88,94,18.01,ZA,1653241395
Aranda de Duero,41.6704,-3.6892,68.04,54,70,15.03,ES,1653241395
Qaqortoq,60.7167,-46.0333,36.99,98,100,14.34,GL,1653241396
Butaritari,3.0707,172.7902,81.48,81,100,13.98,KI,1653241396
Punta Arenas,-53.15,-70.9167,41.11,65,20,17.27,CL,1653241397
Pimentel,-6.8367,-79.9342,71.89,60,0,19.57,PE,1653241397
Penzance,50.1186,-5.5371,59.68,91,83,8.86,GB,1653241397
Qaanaaq,77.484,-69.3632,24.84,75,100,2.35,GL,1653241398
Tasiilaq,65.6145,-37.6368,35.76,96,100,6.71,GL,1653241398
Eyl,7.9803,49.8164,81.7,79,89,23.42,SO,1653241399
Ribeira Grande,38.5167,-28.7,66.6,94,75,2.3,PT,1653241399
George Town,5.4112,100.3354,80.31,93,20,2.3,MY,1653241284
Pandan,14.0453,124.1694,79.32,87,99,8.01,PH,1653241400
Rocha,-34.4833,-54.3333,65.62,49,9,4.29,UY,1653241401
Portland,45.5234,-122.6762,62.33,61,51,5.01,US,1653240774
Avarua,-21.2078,-159.775,77.05,94,75,16.11,CK,1653241195
Unaí,-16.3575,-46.9061,82.18,29,14,2.44,BR,1653241401
Kolda,12.8833,-14.95,104.31,20,0,6.91,SN,1653241402
Faanui,-16.4833,-151.75,80.76,71,9,14.09,PF,1653241402
Oranjemund,-28.55,16.4333,56.16,78,7,11.03,NA,1653241403
Tuatapere,-46.1333,167.6833,43.75,83,85,8.61,NZ,1653241403
Paita,-5.0892,-81.1144,73.63,69,2,14.14,PE,1653241403
Vostok,46.4856,135.8833,40.26,96,62,1.81,RU,1653241404
Terme,41.2092,36.9739,60.73,79,0,7.61,TR,1653241404
Cidreira,-30.1811,-50.2056,63.45,63,100,4.45,BR,1653241404
Pacific Grove,36.6177,-121.9166,52.12,87,40,7.0,US,1653241379
Banff,51.1762,-115.5698,48.58,25,20,9.22,CA,1653241276
Dali,25.7,100.1833,61.07,88,64,2.98,CN,1653241405
Hanmer Springs,-42.5167,172.8167,37.98,87,79,3.65,NZ,1653241405
Maku,39.2911,44.4521,68.61,32,75,16.11,IR,1653241406
Senec,48.2195,17.4004,68.83,37,0,8.05,SK,1653241406
Nhulunbuy,-12.2333,136.7667,79.41,83,75,5.75,AU,1653241407
Mahanoro,-19.9,48.8,70.11,89,3,2.68,MG,1653241407
Champerico,14.3,-91.9167,88.34,67,83,8.79,GT,1653241329
Severo-Kuril'sk,50.6789,156.125,40.26,96,100,16.84,RU,1653241408
Merauke,-8.4667,140.3333,78.13,87,22,11.56,ID,1653241408
Provideniya,64.3833,-173.3,47.12,49,100,9.66,RU,1653241408
Souillac,-20.5167,57.5167,75.58,73,40,12.66,MU,1653241410
Cherskiy,68.75,161.3,48.24,57,74,10.85,RU,1653241410
Linxia Chengguanzhen,35.6003,103.2064,55.42,60,26,2.26,CN,1653241410
East London,-33.0153,27.9116,58.14,94,0,4.61,ZA,1653241411
Papara,-3.9839,-38.7273,84.16,85,29,8.72,BR,1653241411
Coruripe,-10.1256,-36.1756,80.49,67,27,14.0,BR,1653241412
Duku,11.2361,4.9073,81.73,62,93,9.51,NG,1653241412
Nikolskoye,59.7035,30.7861,53.49,53,0,2.13,RU,1653241219
Bathsheba,13.2167,-59.5167,86.61,66,20,20.71,BB,1653241413
Naze,28.3667,129.4833,63.52,75,99,4.83,JP,1653241413
São Filipe,14.8961,-24.4956,73.06,74,61,13.02,CV,1653241333
Margate,51.3813,1.3862,61.56,71,59,4.0,GB,1653241413
Bluff,-46.6,168.3333,49.68,72,93,23.55,NZ,1653241414
Nelson Bay,-32.7167,152.15,57.63,97,99,4.74,AU,1653241414
Longyearbyen,78.2186,15.6401,35.44,87,75,0.0,SJ,1653241415
Eureka,40.8021,-124.1637,53.89,80,90,3.0,US,1653241327
Hong Kong,22.2855,114.1577,77.05,83,100,17.0,HK,1653241319
Khotynets,53.1286,35.3966,41.86,82,59,6.46,RU,1653241415
Bredasdorp,-34.5322,20.0403,56.91,88,56,6.02,ZA,1653241416
Diffa,13.3154,12.6113,92.32,12,29,6.89,NE,1653241416
Labuhan,-6.8844,112.2051,80.2,82,98,10.51,ID,1653241416
Nuuk,64.1835,-51.7216,34.41,100,100,33.38,GL,1653241339
Orlik,52.5178,99.825,51.75,54,99,3.13,RU,1653241417
Cerrito,6.8432,-72.694,67.44,52,4,1.97,CO,1653241417
Arraial do Cabo,-22.9661,-42.0278,75.06,60,0,16.11,BR,1653241118
Saldanha,-33.0117,17.9442,59.05,85,83,6.6,ZA,1653241418
Barretos,-20.5572,-48.5678,78.12,25,2,4.83,BR,1653241418
Bouloupari,-21.8667,166.05,76.91,85,62,3.76,NC,1653241419
Klaksvík,62.2266,-6.589,50.92,86,70,2.91,FO,1653241419
Nantong,32.0303,120.8747,70.99,65,100,9.66,CN,1653241420
Port Lincoln,-34.7333,135.8667,61.83,76,100,10.2,AU,1653241420
De-Kastri,51.4667,140.7833,37.11,97,92,2.26,RU,1653241420
Suntar,62.1444,117.6319,46.06,83,99,3.06,RU,1653241421
Port Alfred,-33.5906,26.891,57.18,90,38,2.42,ZA,1653241421
Zhigansk,66.7697,123.3711,34.93,82,58,5.23,RU,1653241167
Kiruna,67.8557,20.2251,54.52,54,0,6.91,SE,1653241422
Lola,7.8,-8.5333,75.06,83,100,3.02,GN,1653241422
Arzgir,45.3728,44.2206,62.28,65,4,8.79,RU,1653241423
Manicoré,-5.8092,-61.3003,89.55,51,0,3.44,BR,1653241423
Port Macquarie,-31.4333,152.9167,55.89,85,100,3.89,AU,1653241423
Kokoda,-8.8785,147.7407,72.23,93,59,1.32,PG,1653241424
Huarmey,-10.0681,-78.1522,70.16,72,72,9.91,PE,1653241424
Cocorit,27.5833,-109.9667,91.94,17,42,8.93,MX,1653241424
Ariquemes,-9.9133,-63.0408,88.32,44,0,1.25,BR,1653241425
Nova Russas,-4.7067,-40.5631,83.32,56,75,6.46,BR,1653241425
Camapuã,-19.5314,-54.0439,83.44,17,7,3.47,BR,1653241426
Nishihara,26.1842,127.7558,74.48,78,20,8.05,JP,1653241426
Natal,-5.795,-35.2094,79.02,94,75,9.22,BR,1653241137
Fairbanks,64.8378,-147.7164,58.77,35,0,6.91,US,1653241427
Bukachacha,52.9833,116.9167,44.38,90,100,3.36,RU,1653241427
Lompoc,34.6391,-120.4579,58.53,73,0,8.05,US,1653241427
Louth,53.3666,-0.0044,68.59,82,100,8.1,GB,1653241429
Kimbe,-5.5502,150.1429,75.56,93,30,3.53,PG,1653241429
Sisimiut,66.9395,-53.6735,33.82,80,100,13.38,GL,1653241430
Skerries,53.5828,-6.1083,57.49,76,82,12.06,IE,1653241430
Oistins,13.0667,-59.5333,86.09,66,20,20.71,BB,1653241408
Māngrol,21.1167,70.1167,83.93,76,92,18.1,IN,1653241430
Katangli,51.7102,143.2326,32.92,92,96,6.42,RU,1653241431
Chaohu,31.6,117.8667,69.37,74,100,3.94,CN,1653241431
Fortuna,40.5982,-124.1573,50.95,93,100,8.05,US,1653241432
Goderich,43.7501,-81.7165,46.72,81,100,14.97,CA,1653241432
Buraidah,26.326,43.975,97.25,8,0,12.35,SA,1653241432
San Patricio,28.017,-97.5169,73.56,62,97,16.2,US,1653241433
Jacareacanga,-6.2222,-57.7528,91.31,39,6,3.96,BR,1653241433
Cape Town,-33.9258,18.4232,60.58,77,0,8.05,ZA,1653241382
Birobidzhan,48.8,132.95,43.18,89,87,2.28,RU,1653241434
Mahébourg,-20.4081,57.7,75.49,73,40,12.66,MU,1653241434
Noshiro,40.2039,140.0242,57.42,88,100,2.39,JP,1653241435
Upernavik,72.7868,-56.1549,33.67,97,100,1.7,GL,1653241228
College,64.8569,-147.8028,58.73,35,40,6.91,US,1653241435
Tarko-Sale,64.9225,77.785,56.08,65,31,16.31,RU,1653241436
Erenhot,43.6475,111.9767,67.33,37,62,5.32,CN,1653241436
Half Moon Bay,37.4636,-122.4286,63.57,63,0,11.5,US,1653241436
Westport,41.1415,-73.3579,87.19,61,0,5.75,US,1653241437
Korla,41.7597,86.1469,80.33,13,100,16.46,CN,1653241406
Jaqué,7.5175,-78.1703,83.52,78,38,4.18,PA,1653241437
Fayaoué,-20.65,166.5333,76.8,82,12,3.02,NC,1653241328
Chui,-33.6971,-53.4616,64.44,53,1,4.65,UY,1653241438
Vieste,41.8825,16.175,70.92,71,13,1.74,IT,1653241438
Aripuanã,-9.1667,-60.6333,90.34,36,0,2.48,BR,1653241439
Guerrero Negro,27.9769,-114.0611,66.76,59,0,13.62,MX,1653241439
Abu Samrah,35.3029,37.1841,63.81,50,0,19.08,SY,1653241439
Polyarny,69.1989,33.4478,38.75,69,99,14.09,RU,1653241440
Constitución,-35.3333,-72.4167,55.0,79,100,8.05,CL,1653241440
Dunedin,-45.8742,170.5036,46.8,71,95,5.99,NZ,1653241218
Chinsali,-10.5414,32.0816,65.82,71,83,4.81,ZM,1653241441
Saint George,37.1041,-113.5841,78.3,12,0,3.0,US,1653241278
Tahe,52.3333,124.7333,44.74,96,70,5.75,CN,1653241441
Alofi,-19.0595,-169.9187,66.09,94,18,1.14,NU,1653241441
Goth Radhan,27.1833,67.95,101.75,8,34,6.22,PK,1653241442
New Norfolk,-42.7826,147.0587,43.66,82,99,2.48,AU,1653241156
San Luis,-33.295,-66.3356,71.13,25,67,14.99,AR,1653241443
Broome,42.2506,-75.833,84.15,54,0,11.5,US,1653241443
Batote,33.1227,75.321,57.34,64,63,11.68,IN,1653241443
Fasa,28.9383,53.6482,83.44,10,0,6.91,IR,1653241444
Biskamzha,53.4497,89.5272,60.73,69,100,2.75,RU,1653241444
Złocieniec,53.5329,16.0113,55.89,69,86,6.69,PL,1653241445
Warangal,18.0,79.5833,91.92,24,2,8.23,IN,1653241445
Esperance,-33.8667,121.9,64.54,65,37,10.49,AU,1653241446
Chokurdakh,70.6333,147.9167,32.02,99,100,5.48,RU,1653241239
Tigil',57.8,158.6667,41.14,79,91,5.57,RU,1653241446
Shangrao,28.4532,117.9686,64.35,98,100,1.23,CN,1653241447
Marataizes,-21.0433,-40.8244,72.21,67,10,8.75,BR,1653241448
Srednekolymsk,67.45,153.6833,48.96,53,100,7.99,RU,1653241449
Cockburn Town,21.4612,-71.1419,84.16,65,40,17.27,TC,1653241449
Okha,53.5739,142.9478,31.3,92,100,12.06,RU,1653241449
Ingham,42.6,-84.3833,61.63,63,75,13.8,US,1653241450
Lethem,3.3803,-59.7968,72.54,97,100,2.53,GY,1653241450
Saskylakh,71.9167,114.0833,33.93,99,100,4.38,RU,1653241451
Egvekinot,66.3167,-179.1667,41.22,61,100,3.98,RU,1653241451
Devils Lake,48.1128,-98.8651,53.76,37,100,8.05,US,1653241224
Khasan,42.4308,130.6434,51.8,80,41,4.32,RU,1653241451
Jalu,29.0331,21.5482,79.63,19,0,9.69,LY,1653241452
Vestmannaeyjar,63.4427,-20.2734,54.59,66,0,6.91,IS,1653241452
Boone,39.0334,-92.3335,61.54,38,100,11.27,US,1653241453
Ilulissat,69.2167,-51.1,32.94,99,100,4.83,GL,1653241453
Boyolangu,-8.1181,111.8935,76.06,89,91,1.05,ID,1653241454
Touros,-5.1989,-35.4608,82.4,73,36,14.72,BR,1653241454
Northam,51.0333,-4.2167,57.52,86,88,10.47,GB,1653241454
Piaçabuçu,-10.4056,-36.4344,81.07,65,26,12.68,BR,1653241455
St. Pete Beach,27.7253,-82.7412,90.27,60,0,10.36,US,1653241455
Parkes,-33.1333,148.1833,52.36,79,79,7.18,AU,1653241456
Vallenar,-28.5708,-70.7581,79.74,19,0,5.01,CL,1653241456
Turka,49.1541,23.0297,46.15,86,95,5.44,UA,1653241457
Tarauacá,-8.1614,-70.7656,86.86,53,73,1.34,BR,1653241370
Olden,61.8364,6.8064,59.74,69,93,7.29,NO,1653241457
Corinth,37.9407,22.9573,75.42,57,6,3.94,GR,1653241458
Moerai,-22.4333,-151.3333,78.13,70,61,7.4,PF,1653241458
Thinadhoo,0.5333,72.9333,84.0,74,100,11.39,MV,1653241324
Belmonte,-15.8631,-38.8828,77.99,61,14,11.5,BR,1653241459
Lebu,-37.6167,-73.65,53.2,92,100,10.96,CL,1653241459
Juegang,32.3174,121.1855,69.91,73,100,8.95,CN,1653241460
Nanortalik,60.1432,-45.2371,38.52,97,100,9.33,GL,1653241460
Tucuruí,-3.7661,-49.6725,83.86,69,39,6.04,BR,1653241461
Vila Franca do Campo,37.7167,-25.4333,64.81,87,100,3.98,PT,1653241461
Tashla,51.7716,52.7427,45.25,90,100,7.96,RU,1653241462
Matara,5.9485,80.5353,78.89,90,10,10.78,LK,1653241462
Ignatovka,53.9479,47.6536,41.02,80,100,6.69,RU,1653241463
Airai,-8.9266,125.4092,58.32,92,36,3.27,TL,1653241463
Yonibana,8.4447,-12.245,79.5,88,100,4.12,SL,1653241464
Tiksi,71.6872,128.8694,29.89,88,100,5.08,RU,1653241464
Starachowice,51.0374,21.0713,53.92,74,97,9.98,PL,1653241424
Isangel,-19.55,169.2667,76.14,85,79,8.03,VU,1653241465
Fukuechō,32.6881,128.8419,68.41,76,100,7.05,JP,1653241465
Ponta do Sol,32.6667,-17.1,70.61,75,20,1.28,PT,1653241465
Ürümqi,43.801,87.6005,76.15,29,0,11.18,CN,1653241466
Maningrida,-12.0667,134.2667,71.71,91,25,7.96,AU,1653241466
La Ronge,55.1001,-105.2842,62.85,16,75,13.8,CA,1653241467
Grindavik,63.8424,-22.4338,50.47,66,0,21.85,IS,1653241467
Byron Bay,-28.65,153.6167,58.71,85,80,11.25,AU,1653241468
Yarim,14.298,44.3779,64.94,24,30,3.78,YE,1653241468
Hasaki,35.7333,140.8333,61.2,80,98,6.2,JP,1653241469
Te Anau,-45.4167,167.7167,36.14,91,29,1.25,NZ,1653241386
Meadow Lake,34.8014,-106.5436,61.0,33,3,6.49,US,1653241277
Murmashi,68.8154,32.8115,39.42,93,75,0.0,RU,1653241470
Dingle,10.9995,122.6711,77.43,89,97,4.27,PH,1653241471
Muroto-misakicho,33.2833,134.15,68.14,71,1,4.54,JP,1653241471
Mangan,27.5167,88.5333,69.35,91,94,1.14,IN,1653241472
Jijiang,29.2906,106.2542,67.37,88,67,1.79,CN,1653241472
Port Shepstone,-30.7414,30.455,62.96,76,82,8.34,ZA,1653241473
Okhotsk,59.3833,143.3,34.09,99,100,13.09,RU,1653241473
Marsh Harbour,26.5412,-77.0636,79.48,75,91,15.37,BS,1653241474
Verkhnevilyuysk,63.4453,120.3167,47.34,67,94,3.09,RU,1653241474
Spring Valley,36.108,-115.245,80.35,12,20,5.01,US,1653241463
Belfast,54.5833,-5.9333,62.42,48,20,20.71,GB,1653241229
Chapais,49.7834,-74.8492,31.78,89,100,3.09,CA,1653241475
Fort Nelson,58.8053,-122.7002,47.79,66,100,3.44,CA,1653241475
Sapa,5.1544,120.3241,81.18,79,100,7.56,PH,1653241476
Lashio,22.9333,97.75,69.33,85,42,0.78,MM,1653241476
Talnakh,69.4865,88.3972,33.21,100,100,2.86,RU,1653241476
Zhuhai,22.2769,113.5678,76.82,83,40,16.11,CN,1653241477
Pisco,-13.7,-76.2167,66.25,77,100,9.22,PE,1653241420
Ust'-Omchug,61.15,149.6333,32.67,98,100,4.29,RU,1653241477
Leh,34.1667,77.5833,48.18,44,80,6.51,IN,1653241477
Umluj,25.0213,37.2685,81.14,53,11,8.95,SA,1653241478
Visby,57.6409,18.296,48.43,81,0,4.61,SE,1653241478
Gombe,10.2897,11.1673,89.62,29,29,4.43,NG,1653241479
Mayo,38.8876,-76.5119,86.58,64,0,12.66,US,1653241479
Aklavik,68.2191,-135.0107,26.6,80,100,5.75,CA,1653241480
Acapulco de Juárez,16.8634,-99.8901,84.02,58,75,5.75,MX,1653241356
Piney Green,34.716,-77.3202,78.96,73,0,8.05,US,1653241480
Port Hardy,50.6996,-127.4199,48.38,93,75,4.61,CA,1653241276
Gurupá,-1.405,-51.64,85.08,64,26,1.54,BR,1653241480
Kavieng,-2.5744,150.7967,82.83,70,61,17.6,PG,1653241481
Isaka,-3.9,32.9333,71.69,60,86,3.49,TZ,1653241481
Katsuura,35.1333,140.3,62.74,88,98,8.63,JP,1653241482
Berlevåg,70.8578,29.0864,42.75,75,100,6.91,NO,1653241480
Cobija,-11.0267,-68.7692,87.98,62,75,0.0,BO,1653241482
Ancud,-41.8697,-73.8203,48.87,67,62,14.0,CL,1653241482
Nova Olímpia,-14.7972,-57.2881,89.33,28,12,2.08,BR,1653241264
Sitka,57.0531,-135.33,51.69,76,40,5.75,US,1653241483
Quatre Cocos,-20.2078,57.7625,72.09,71,24,15.41,MU,1653241483
Mossamedes,-15.1961,12.1522,69.78,72,0,4.34,AO,1653241484
Mount Gambier,-37.8333,140.7667,40.91,93,75,3.44,AU,1653241484
Mombaça,-5.7431,-39.6275,83.08,54,88,7.76,BR,1653241485
Beatrice,40.2681,-96.747,62.58,34,0,12.66,US,1653241262
Maşyāf,35.0653,36.3406,58.05,84,5,17.69,SY,1653241485
Mahon,39.8885,4.2658,79.36,50,0,8.05,ES,1653241486
Waingapu,-9.6567,120.2641,76.86,85,50,8.34,ID,1653241486
Barcelos,41.5388,-8.6151,68.56,81,80,7.09,PT,1653241486
Sakakah,29.9697,40.2064,94.57,23,82,21.09,SA,1653241487
Verāval,20.9,70.3667,84.33,73,98,18.59,IN,1653241487
Praia da Vitória,38.7333,-27.0667,66.45,94,75,3.94,PT,1653241487
Buala,-8.145,159.5921,80.01,82,18,6.08,SB,1653241488
Sistranda,63.7256,8.834,57.16,79,85,15.41,NO,1653241490
Port Blair,11.6667,92.75,83.1,83,92,21.72,IN,1653241490
Rongcheng,30.634,117.8517,67.91,84,100,2.93,CN,1653241491
Yerofey Pavlovich,53.9667,121.9667,39.85,97,100,3.65,RU,1653241491
Bichura,50.5881,107.6022,55.47,53,31,1.59,RU,1653241491
Adrar,20.5022,-10.0711,105.46,6,22,10.76,MR,1653241492
Rome,43.2128,-75.4557,80.62,58,0,5.75,US,1653241492
Shakiso,5.75,38.9167,59.97,94,83,1.99,ET,1653241492
Tot'ma,59.9747,42.7642,34.54,86,99,7.74,RU,1653241493
Yumaguzino,52.9041,56.3933,41.5,91,74,6.55,RU,1653241493
Arawa,-6.2132,155.5367,75.56,90,36,1.88,PG,1653241494
Marzuq,14.4,46.4667,81.07,13,100,0.65,YE,1653241494
Atar,20.5169,-13.0499,108.32,7,18,1.07,MR,1653241494
Klyuchi,52.2667,79.1667,56.21,43,78,7.29,RU,1653241495
Alibag,18.6411,72.8792,86.07,74,34,10.76,IN,1653241495
Beringovskiy,63.05,179.3167,38.5,82,100,8.23,RU,1653241496
Luanda,-8.8368,13.2343,73.36,78,99,11.92,AO,1653241220
Taoudenni,22.6783,-3.9836,104.11,7,0,13.29,ML,1653241497
São Francisco,-15.9486,-44.8644,88.66,21,5,0.18,BR,1653241497
Lüderitz,-26.6481,15.1594,58.71,68,13,8.97,NA,1653241498
Husavik,66.0449,-17.3389,37.99,97,100,8.52,IS,1653241498
Antón Lizardo,19.05,-95.9833,95.22,47,0,9.01,MX,1653241498
Podbrdo,44.4408,17.0139,59.99,93,22,3.33,BA,1653241499
Dawson Creek,55.7666,-120.2362,60.44,27,0,10.36,CA,1653241236
Tapejara,-28.0681,-52.0139,61.18,65,97,3.71,BR,1653241499
Porto Empedocle,37.2934,13.5264,68.79,63,0,5.19,IT,1653241500
Saint Anthony,45.0205,-93.218,52.83,44,100,16.11,US,1653241500
Salalah,17.0151,54.0924,84.29,84,75,8.05,OM,1653241500
Maturin,9.75,-63.1767,92.82,37,77,9.06,VE,1653241281
Vrangel',42.7297,133.0839,50.92,87,13,4.0,RU,1653241501
Smithers,54.7804,-127.1743,53.92,43,20,3.44,CA,1653241501
Ugoofaaru,5.6667,73.0,83.23,79,18,13.6,MV,1653241502
Bar Harbor,44.3876,-68.2039,59.45,83,0,8.01,US,1653241502
Muros,42.7762,-9.0603,62.94,92,99,8.37,ES,1653241503
Nome,64.5011,-165.4064,60.87,25,0,17.27,US,1653241503
Coyhaique,-45.5752,-72.0662,40.95,65,75,3.44,CL,1653241504
Agadir,30.4202,-9.5982,77.45,54,100,5.61,MA,1653241504
Lorengau,-2.0226,147.2712,82.87,71,94,11.54,PG,1653241504
Kutum,14.2,24.6667,83.01,15,87,8.3,SD,1653241505
Abū Zabad,12.35,29.25,90.45,15,100,13.53,SD,1653241505
Boa Vista,2.8197,-60.6733,75.18,88,100,5.75,BR,1653241506
Río Gallegos,-51.6226,-69.2181,42.39,51,30,15.21,AR,1653241295
Bafatá,12.1667,-14.75,98.78,23,59,10.85,GW,1653241506
Aasiaat,68.7098,-52.8699,32.31,92,100,9.82,GL,1653241507
Kavaratti,10.5669,72.642,83.43,80,95,18.03,IN,1653241507
Mahibadhoo,3.7833,72.9667,83.41,76,89,13.24,MV,1653241508
Caetité,-14.0694,-42.475,79.63,32,0,5.21,BR,1653241508
Yangi Marg`ilon,40.4272,71.7189,57.92,58,40,2.3,UZ,1653241509
Şurmān,32.7567,12.5716,75.31,28,0,10.04,LY,1653241509
Sawtell,-30.3833,153.1,59.02,88,40,10.36,AU,1653241510
Grand-Santi,4.25,-54.3833,79.95,90,97,1.7,GF,1653241510
Narsaq,60.9167,-46.05,37.62,99,100,6.13,GL,1653241512
Najrān,17.4924,44.1277,88.45,11,4,4.25,SA,1653241467
Mayahi,13.9553,7.6712,93.76,11,80,4.97,NE,1653241512
Strezhevoy,60.7333,77.5889,64.26,60,78,19.28,RU,1653241513
Progreso,21.2833,-89.6667,96.12,48,7,7.36,MX,1653241404
Saint-Leu,-21.15,55.2833,70.65,73,38,3.04,RE,1653241513
Pontes e Lacerda,-15.2261,-59.3353,87.93,35,76,3.31,BR,1653241514
Franca,-20.5386,-47.4008,72.05,29,2,5.55,BR,1653241514
Hobyo,5.3505,48.5268,80.67,82,97,27.76,SO,1653241515
Bata,1.8639,9.7658,78.84,85,65,8.97,GQ,1653241515
Syra,37.4423,24.9425,68.7,68,21,1.14,GR,1653241516
Gōtsuchō,35.0,132.2167,62.1,91,33,2.73,JP,1653241516
Basco,20.4487,121.9702,81.25,80,50,9.71,PH,1653241517
Prince Rupert,54.3161,-130.3201,52.23,69,0,6.91,CA,1653241517
Port Moresby,-9.4431,147.1797,80.02,89,40,17.27,PG,1653241518
Port Hedland,-20.3167,118.5667,78.85,94,100,6.91,AU,1653241518
Torbay,47.6666,-52.7314,61.68,39,100,12.66,CA,1653241518
Gamba,-2.65,10.0,74.91,83,31,4.85,GA,1653241519
Brae,60.3964,-1.353,51.85,95,100,10.76,GB,1653241519
Birao,10.2849,22.7882,92.23,20,100,5.53,CF,1653241483
Carnarvon,-24.8667,113.6333,71.49,61,94,16.8,AU,1653241520
Sanaa,15.3547,44.2067,71.19,15,21,6.24,YE,1653241520
Elko,41.0002,-115.5012,56.57,29,18,4.0,US,1653241521
Myaundzha,63.0494,147.1858,29.16,96,100,2.98,RU,1653241521
Abilene,32.4487,-99.7331,70.36,36,20,11.5,US,1653241522
Noumea,-22.2763,166.4572,77.0,99,65,4.05,NC,1653241522
Clyde River,70.4692,-68.5914,19.63,93,100,35.68,CA,1653241451
Leer,8.3018,30.1418,82.02,65,90,3.6,SS,1653241522
Orán,-23.1322,-64.326,76.42,31,0,4.41,AR,1653241233
Conde,-7.2597,-34.9075,81.86,74,75,18.41,BR,1653241523
Laguna,38.421,-121.4238,76.64,36,0,4.61,US,1653241523
Ketchikan,55.3422,-131.6461,55.87,54,0,11.5,US,1653241524
Vozdvizhenka,43.9,131.95,50.7,88,24,1.45,RU,1653241524
Tiznit Province,29.5833,-9.5,80.04,37,87,5.28,MA,1653241525
Rundu,-17.9333,19.7667,55.9,33,0,4.72,NA,1653241525
Mogadouro,41.3403,-6.7119,65.98,59,95,11.52,PT,1653241526
Laas,46.6166,10.7002,74.62,73,97,3.24,IT,1653241526
Avdon,54.6667,55.7167,41.25,81,75,4.47,RU,1653241526
Chicama,-7.8447,-79.1469,64.94,63,34,10.11,PE,1653241527
Matamoros,25.5333,-103.25,87.91,30,0,6.91,MX,1653241527
Tres Arroyos,-38.3739,-60.2798,62.28,36,98,14.25,AR,1653241528
Fare,-16.7,-151.0167,80.55,70,4,14.38,PF,1653241528
Bahía Honda,22.9036,-83.1592,88.21,63,91,11.1,CU,1653241528
Bamnet Narong,15.4992,101.6897,75.04,87,95,7.23,TH,1653241529
Berdigestyakh,62.0989,126.6992,39.02,91,45,1.12,RU,1653241529
Tangkak,2.2673,102.5453,80.47,94,97,0.83,MY,1653241530
Chestermere,51.0334,-113.8187,55.87,30,20,13.8,CA,1653241523
Auka,14.9333,-83.8333,82.29,91,100,1.43,HN,1653241530
Ferme-Neuve,46.7001,-75.4493,51.82,96,100,6.8,CA,1653241530
Coquimbo,-29.9533,-71.3436,60.53,77,0,14.97,CL,1653241531
Caravelas,-17.7125,-39.2481,75.18,63,19,7.81,BR,1653241333
Nemuro,43.3236,145.575,45.72,99,100,12.08,JP,1653241532
Hualmay,-11.0964,-77.6139,69.26,72,78,8.3,PE,1653241533
Baykit,61.67,96.37,48.63,90,4,4.07,RU,1653241533
Kaka,37.3482,59.6143,69.6,31,0,10.04,TM,1653241534
Wanaka,-44.7,169.15,32.11,85,5,2.55,NZ,1653241534
Tessalit,20.1986,1.0114,95.5,15,46,23.13,ML,1653241535
Tsimmerbude,54.675,20.1347,50.05,91,100,11.36,RU,1653241535
Huanren,41.2647,125.3667,56.1,69,20,2.24,CN,1653241535
Arrifes,37.7667,-25.7,62.85,100,75,8.05,PT,1653241536
Kachīry,53.0675,76.1036,54.14,34,62,16.37,KZ,1653241536
Kikwit,-5.041,18.8162,72.99,87,86,3.13,CD,1653241536
Álamos,27.0167,-108.9333,90.97,21,2,6.35,MX,1653241537
Douentza,14.9951,-2.9517,90.25,34,100,4.0,ML,1653241537
Coos Bay,43.3665,-124.2179,54.0,91,20,6.91,US,1653241522
Gladstone,-23.85,151.25,67.93,68,75,10.36,AU,1653241538
Mount Isa,-20.7333,139.5,56.97,82,79,3.44,AU,1653241317
Obihiro,42.9172,143.2044,53.96,89,100,1.1,JP,1653241538
Atherton,53.5237,-2.4935,64.24,69,100,5.99,GB,1653241539
Jinchang,38.4953,102.1739,66.15,38,78,0.98,CN,1653241539
Kincardine,56.0667,-3.7167,60.39,78,94,12.66,GB,1653241523
Rancho Palos Verdes,33.7445,-118.387,63.7,79,40,12.66,US,1653241540
Kamiiso,41.8167,140.65,53.19,95,100,1.88,JP,1653241540
Tura,25.5198,90.2201,72.57,94,83,3.65,IN,1653241393
Nouakchott,18.0858,-15.9785,69.73,83,28,18.37,MR,1653241332
Luau,-10.7073,22.2247,68.07,44,82,5.5,AO,1653241541
Kyrylivka,46.3759,35.3675,60.26,68,81,9.82,UA,1653241541
Lata,40.1629,-8.3327,64.81,70,59,10.76,PT,1653241541
Christchurch,-43.5333,172.6333,40.35,82,10,5.75,NZ,1653241542
Āsosa,10.0667,34.5333,62.64,90,100,4.43,ET,1653241542
Bilibino,68.0546,166.4372,42.24,74,96,4.59,RU,1653241543
Tortolì,39.9256,9.6572,75.02,83,0,8.05,IT,1653241543
Abashiri,44.0213,144.2697,49.57,93,62,5.21,JP,1653241543
Palmer,42.1584,-72.3287,88.9,55,75,9.22,US,1653241419
Qui Nhon,13.7667,109.2333,79.32,83,100,7.74,VN,1653241544
Ashington,50.9331,-0.3909,63.12,58,0,5.75,GB,1653241545
Hailey,43.5196,-114.3153,45.99,76,75,11.5,US,1653241545
Garachiné,8.0647,-78.3628,83.19,77,28,5.64,PA,1653241545
Mangai,-4.05,19.5333,71.35,97,90,1.1,CD,1653241546
Tangshan,39.6333,118.1833,68.45,48,37,6.38,CN,1653241464
Yaan,7.3833,8.5667,80.83,71,93,6.49,NG,1653241546
Wanning,18.8003,110.3967,78.75,91,99,4.25,CN,1653241547
Angoche,-16.2325,39.9086,77.23,78,1,9.57,MZ,1653241547
Flinders,-34.5833,150.8552,55.31,91,98,1.99,AU,1653241387
Lakhdenpokh'ya,61.5198,30.1992,49.57,59,60,5.17,RU,1653241548
Leningradskiy,69.3833,178.4167,31.8,94,100,5.06,RU,1653241548
Geraldton,-28.7667,114.6,64.81,68,40,17.27,AU,1653241549
Tongren,27.7172,109.1853,59.7,96,100,2.46,CN,1653241549
Sisophon,13.5859,102.9737,75.51,90,100,4.99,KH,1653241549
Muriti,-1.9833,32.9167,74.44,63,24,7.14,TZ,1653241550
Cianorte,-23.6633,-52.605,69.01,43,2,6.06,BR,1653241550
Jining,35.405,116.5814,68.56,45,99,7.74,CN,1653241550
Huilong,31.8111,121.655,69.93,76,100,12.59,CN,1653241552
Salinópolis,-0.6136,-47.3561,81.73,79,25,6.89,BR,1653241552
Jovellar,13.0695,123.5999,77.85,90,99,2.08,PH,1653241553
Batagay-Alyta,67.8006,130.4114,25.9,90,50,4.5,RU,1653241553
Saint-Augustin,51.226,-58.6502,53.94,82,92,11.36,CA,1653241554
Talavera,15.6167,120.9333,76.95,90,99,2.84,PH,1653241554
Sorsk,54.0033,90.2467,63.99,45,100,3.31,RU,1653241554
Palimbang,6.2106,124.1894,77.16,88,97,4.9,PH,1653241555
Kamenka,51.3223,42.7678,44.74,95,100,13.42,RU,1653241555
Grand Gaube,-20.0064,57.6608,72.37,77,4,5.01,MU,1653241555
Waddān,29.1614,16.139,80.89,10,0,5.99,LY,1653241556
Norman Wells,65.282,-126.8329,42.84,70,75,3.44,CA,1653241556
China,25.7,-99.2333,90.05,51,34,17.27,MX,1653241556
Slave Lake,55.2834,-114.769,49.98,53,0,4.61,CA,1653241523
Marion,39.7684,-86.1555,63.52,64,100,13.8,US,1653241456
Forchheim,49.7175,11.0588,69.84,67,50,4.52,DE,1653241557
Baj Baj,22.4747,88.1703,84.16,58,67,12.5,IN,1653241557
Sungai Penuh,-2.0833,101.3833,63.77,96,55,1.79,ID,1653241558
Zhoukou,33.6333,114.6333,65.82,68,28,5.03,CN,1653241558
Ginda,30.6945,78.4932,56.71,67,46,7.14,IN,1653241558
Ende,-8.8432,121.6623,75.65,85,75,2.84,ID,1653241559
Russell,32.3502,-85.1999,87.01,48,20,11.5,US,1653241524
Pundaguitan,6.3711,126.1689,81.25,77,75,2.21,PH,1653241559
Aykhal,66.0,111.5,47.66,69,95,4.29,RU,1653241560
Abu Dhabi,24.4667,54.3667,84.96,61,0,8.05,AE,1653241508
Vytegra,61.0064,36.4481,37.38,73,64,6.53,RU,1653241560
Payo,-3.7508,103.6372,73.18,98,82,1.97,ID,1653241561
Mawlaik,23.6333,94.4167,80.17,70,69,1.36,MM,1653241561
Isla Vista,34.4133,-119.861,63.48,59,0,6.91,US,1653241562
Bjørnevatn,69.6672,29.9847,41.34,87,75,8.05,NO,1653241562
Port Keats,-14.25,129.55,74.07,46,58,9.95,AU,1653241563
Nizhniy Kuranakh,58.8353,125.4869,38.52,77,63,2.98,RU,1653241563
Isabela,6.7085,121.9711,78.57,89,100,5.73,PH,1653241564
Kirkenær,60.4564,12.0582,58.05,59,92,5.5,NO,1653241564
Frontera,26.9333,-101.45,69.33,86,100,8.99,MX,1653241565
Vuktyl,63.8567,57.3094,36.5,89,100,10.31,RU,1653241565
Somerset,40.5668,-74.5496,89.42,62,41,4.0,US,1653241566
Chernyshevskiy,63.0128,112.4714,47.64,76,91,2.26,RU,1653241566
Hays,30.0502,-98.0336,73.15,64,92,4.0,US,1653241567
Hambantota,6.1241,81.1185,79.66,85,5,15.79,LK,1653241567
Cabedelo,-6.9811,-34.8339,83.07,78,36,20.02,BR,1653241308
Kaffrine,14.1059,-15.5508,99.9,15,62,10.63,SN,1653241568
Krasnyy Chikoy,50.3643,108.7512,50.81,75,75,1.43,RU,1653241568
Boca do Acre,-8.7522,-67.3978,89.94,44,65,2.17,BR,1653241568
Channel-Port aux Basques,47.5702,-59.1367,48.31,92,100,10.71,CA,1653241280
Arrondissement d'Ajaccio,42.0,8.9167,67.98,78,0,3.44,FR,1653241569
Kahului,20.8947,-156.47,77.31,69,20,14.97,US,1653241570
Vavoua,7.3819,-6.4778,73.02,96,97,4.27,CI,1653241570
Kununurra,-15.7667,128.7333,60.78,82,89,1.14,AU,1653241571
La Paz,-16.5,-68.15,58.98,19,40,16.11,BO,1653241571
Maryborough,-25.5333,152.7,64.11,88,97,6.46,AU,1653241572
Prainha,-1.8,-53.48,83.52,66,44,2.19,BR,1653241573
North Bend,43.4065,-124.2243,54.19,91,20,6.91,US,1653241523
Jilib,0.4883,42.7854,78.71,80,100,10.69,SO,1653241574
Maltahöhe,-24.8333,16.9833,55.58,44,15,7.23,NA,1653241574
Lunsar,8.6833,-12.5333,79.61,88,91,5.03,SL,1653241575
Gölköy,40.6875,37.6178,54.81,92,39,3.4,TR,1653241575
Tanout,14.9709,8.8879,95.76,12,95,6.31,NE,1653241575
Kawalu,-7.3817,108.2082,72.75,97,98,1.59,ID,1653241576
Gouré,13.9835,10.2704,99.01,12,48,11.03,NE,1653241576
Yantarnyy,54.8717,19.9381,49.86,88,100,11.52,RU,1653241577
Mariinsk,56.2139,87.7472,59.76,84,100,11.52,RU,1653241577
Unity,52.4501,-109.1682,56.25,27,29,13.78,CA,1653241578
Kaeo,-35.1,173.7833,55.04,91,100,4.0,NZ,1653241578
Vanimo,-2.6741,141.3028,77.99,87,83,3.69,PG,1653241579
Rizhao,35.4275,119.4553,69.13,51,100,5.3,CN,1653241579
Akim Swedru,5.8938,-1.0164,73.2,91,100,2.71,GH,1653241580
Saravan,39.7196,45.6483,53.13,44,21,2.68,AM,1653241580
Hoceni,46.5392,28.0067,60.93,56,91,8.95,RO,1653241580
Dārāb,28.7519,54.5444,82.9,8,0,11.1,IR,1653241581
San Cristobal,7.7669,-72.225,82.58,40,15,9.75,VE,1653241581
Omboué,-1.5746,9.2618,75.85,85,57,8.72,GA,1653241306
Nokaneng,-19.6667,22.2667,57.25,38,0,5.68,BW,1653241582
Noboribetsu,42.4514,141.1731,51.91,97,100,4.59,JP,1653241582
Karratha,-20.7377,116.8463,78.31,75,100,5.26,AU,1653241583
Batemans Bay,-35.7167,150.1833,55.09,87,93,5.75,AU,1653241583
Kieta,-6.2167,155.6333,78.31,81,29,2.28,PG,1653241583
Chumikan,54.7183,135.315,29.84,98,91,6.87,RU,1653241584
Buta,2.7858,24.73,74.79,81,97,1.72,CD,1653241584
Muaná,-1.5283,-49.2167,86.18,58,39,3.04,BR,1653241585
Southbridge,42.0751,-72.0334,89.89,53,28,3.0,US,1653241585
Sacramento,38.4666,-121.3177,76.08,37,0,4.61,US,1653241139
San Antonio,29.4241,-98.4936,77.61,55,40,12.66,US,1653241424
Kingaroy,-26.5333,151.8333,57.24,94,100,10.36,AU,1653241586
Lakewood,39.7047,-105.0814,50.67,52,69,7.0,US,1653241509
Flic en Flac,-20.2742,57.3631,75.76,73,3,13.65,MU,1653241586
Poopó,-18.3667,-66.9667,50.14,14,12,14.9,BO,1653241587
Afuá,-0.1567,-50.3867,82.15,79,16,3.91,BR,1653241587
Homer,59.6425,-151.5483,52.25,67,100,4.0,US,1653241378
Channahon,41.4295,-88.2287,61.09,50,75,10.36,US,1653241588
Nara,34.6851,135.8049,65.34,82,13,1.28,JP,1653241588
Port-Gentil,-0.7193,8.7815,78.76,83,75,12.66,GA,1653241589
Jilavele,44.7667,26.5333,71.74,58,71,16.04,RO,1653241589
Erdenet,49.0333,104.0833,56.07,39,33,7.09,MN,1653241589
Bonavista,48.6499,-53.1147,52.74,64,98,14.76,CA,1653241590
Lagunas,-5.2269,-75.6753,90.81,45,15,2.86,PE,1653241590
Oktyabr'skiy,54.4815,53.471,40.57,85,94,1.57,RU,1653241591
Cabinda,-5.55,12.2,78.94,78,20,8.05,AO,1653241591
Turbat,26.0023,63.044,95.74,11,0,14.85,PK,1653241591
Kruisfontein,-34.0033,24.7314,56.88,74,97,2.86,ZA,1653241592
Saint-Joseph,-21.3667,55.6167,70.18,77,42,11.77,RE,1653241592
Namatanai,-3.6667,152.4333,79.63,73,85,9.28,PG,1653241592
Kupino,54.3663,77.2981,54.97,33,89,16.8,RU,1653241594
Äänekoski,62.6946,25.818,58.89,25,86,1.34,FI,1653241594
Cap Malheureux,-19.9842,57.6142,72.46,77,1,5.01,MU,1653241595
Huambo,-12.7761,15.7392,62.1,51,48,1.34,AO,1653241595
Mushie,-3.0167,16.9,76.44,83,83,3.47,CD,1653241595
Ilesha,7.1371,5.2583,73.72,95,79,3.04,NG,1653241596
Tigre,-34.426,-58.5796,68.07,58,20,11.5,AR,1653241379
Viedma,-40.8135,-62.9967,59.68,34,98,11.45,AR,1653241596
Staryy Nadym,65.6118,72.6842,46.92,75,99,23.6,RU,1653241597
Kumul,42.8,93.45,79.84,17,94,8.75,CN,1653241597
Lavrentiya,65.5833,-171.0,38.23,74,100,7.65,RU,1653241597
Urubichá,-15.3833,-62.95,83.75,46,89,3.89,BO,1653241598
Bridgetown,13.1,-59.6167,86.49,66,20,20.71,BB,1653241598
